<?xml version="1.0" encoding="UTF-8"?><rss version="2.0"
	xmlns:content="http://purl.org/rss/1.0/modules/content/"
	xmlns:dc="http://purl.org/dc/elements/1.1/"
	xmlns:atom="http://www.w3.org/2005/Atom"
	xmlns:sy="http://purl.org/rss/1.0/modules/syndication/"
	
	>
<channel>
	<title>
	Comments on: Bagpack	</title>
	<atom:link href="/product/aturna-condimentum-mattis-pellentesque-nibh-tortor/feed/" rel="self" type="application/rss+xml" />
	<link>/product/aturna-condimentum-mattis-pellentesque-nibh-tortor/</link>
	<description></description>
	<lastBuildDate>Mon, 22 Jan 2024 08:04:33 +0000</lastBuildDate>
	<sy:updatePeriod>
	hourly	</sy:updatePeriod>
	<sy:updateFrequency>
	1	</sy:updateFrequency>
	<generator>https://wordpress.org/?v=6.4.2</generator>
	<item>
		<title>
		By: admin		</title>
		<link>/product/aturna-condimentum-mattis-pellentesque-nibh-tortor/#comment-4</link>

		<dc:creator><![CDATA[admin]]></dc:creator>
		<pubDate>Fri, 13 Mar 2020 10:25:08 +0000</pubDate>
		<guid isPermaLink="false">https://demo.creativethemes.com/blocksy/modern-shop/?post_type=product&#038;p=66#comment-4</guid>

					<description><![CDATA[At auctor urna nunc id cursus metus aliquam eleifend. Ipsum nunc aliquet bibendum enim. Et malesuada fames ac turpis egestas sed tempus.]]></description>
			<content:encoded><![CDATA[<p>At auctor urna nunc id cursus metus aliquam eleifend. Ipsum nunc aliquet bibendum enim. Et malesuada fames ac turpis egestas sed tempus.</p>
]]></content:encoded>
		
			</item>
	</channel>
</rss>
