<?xml version="1.0" encoding="UTF-8"?><rss version="2.0"
	xmlns:content="http://purl.org/rss/1.0/modules/content/"
	xmlns:wfw="http://wellformedweb.org/CommentAPI/"
	xmlns:dc="http://purl.org/dc/elements/1.1/"
	xmlns:atom="http://www.w3.org/2005/Atom"
	xmlns:sy="http://purl.org/rss/1.0/modules/syndication/"
	xmlns:slash="http://purl.org/rss/1.0/modules/slash/"
	>

<channel>
	<title>Shirt</title>
	<atom:link href="/product-category/shirt/feed/" rel="self" type="application/rss+xml" />
	<link></link>
	<description></description>
	<lastBuildDate>Mon, 22 Jan 2024 06:34:18 +0000</lastBuildDate>
	<language>en-US</language>
	<sy:updatePeriod>
	hourly	</sy:updatePeriod>
	<sy:updateFrequency>
	1	</sy:updateFrequency>
	<generator>https://wordpress.org/?v=6.4.2</generator>
	<item>
		<title>White Shirt</title>
		<link>/product/white-shirt/</link>
					<comments>/product/white-shirt/#respond</comments>
		
		<dc:creator><![CDATA[saurabhgupta]]></dc:creator>
		<pubDate>Mon, 22 Jan 2024 06:34:18 +0000</pubDate>
				<guid isPermaLink="false">/?post_type=product#038;p=548</guid>

					<description><![CDATA[White cotton shirt]]></description>
										<content:encoded><![CDATA[<p>White cotton shirt</p>
]]></content:encoded>
					
					<wfw:commentRss>/product/white-shirt/feed/</wfw:commentRss>
			<slash:comments>0</slash:comments>
		
		
			</item>
		<item>
		<title>Shirt Red</title>
		<link>/product/shirt-red/</link>
					<comments>/product/shirt-red/#respond</comments>
		
		<dc:creator><![CDATA[saurabhgupta]]></dc:creator>
		<pubDate>Mon, 22 Jan 2024 06:11:35 +0000</pubDate>
				<guid isPermaLink="false">/?post_type=product#038;p=544</guid>

					<description><![CDATA[Red cotton shirt]]></description>
										<content:encoded><![CDATA[<p>Red cotton shirt</p>
]]></content:encoded>
					
					<wfw:commentRss>/product/shirt-red/feed/</wfw:commentRss>
			<slash:comments>0</slash:comments>
		
		
			</item>
	</channel>
</rss>
