<?xml version="1.0" encoding="UTF-8"?><rss version="2.0"
	xmlns:content="http://purl.org/rss/1.0/modules/content/"
	xmlns:wfw="http://wellformedweb.org/CommentAPI/"
	xmlns:dc="http://purl.org/dc/elements/1.1/"
	xmlns:atom="http://www.w3.org/2005/Atom"
	xmlns:sy="http://purl.org/rss/1.0/modules/syndication/"
	xmlns:slash="http://purl.org/rss/1.0/modules/slash/"
	>

<channel>
	<title>Shop</title>
	<atom:link href="/shop-2/feed/" rel="self" type="application/rss+xml" />
	<link></link>
	<description></description>
	<lastBuildDate>Mon, 22 Jan 2024 08:05:16 +0000</lastBuildDate>
	<language>en-US</language>
	<sy:updatePeriod>
	hourly	</sy:updatePeriod>
	<sy:updateFrequency>
	1	</sy:updateFrequency>
	<generator>https://wordpress.org/?v=6.4.2</generator>
	<item>
		<title>White Shirt</title>
		<link>/product/white-shirt/</link>
					<comments>/product/white-shirt/#respond</comments>
		
		<dc:creator><![CDATA[saurabhgupta]]></dc:creator>
		<pubDate>Mon, 22 Jan 2024 06:34:18 +0000</pubDate>
				<guid isPermaLink="false">/?post_type=product#038;p=548</guid>

					<description><![CDATA[White cotton shirt]]></description>
										<content:encoded><![CDATA[<p>White cotton shirt</p>
]]></content:encoded>
					
					<wfw:commentRss>/product/white-shirt/feed/</wfw:commentRss>
			<slash:comments>0</slash:comments>
		
		
			</item>
		<item>
		<title>Shirt Red</title>
		<link>/product/shirt-red/</link>
					<comments>/product/shirt-red/#respond</comments>
		
		<dc:creator><![CDATA[saurabhgupta]]></dc:creator>
		<pubDate>Mon, 22 Jan 2024 06:11:35 +0000</pubDate>
				<guid isPermaLink="false">/?post_type=product#038;p=544</guid>

					<description><![CDATA[Red cotton shirt]]></description>
										<content:encoded><![CDATA[<p>Red cotton shirt</p>
]]></content:encoded>
					
					<wfw:commentRss>/product/shirt-red/feed/</wfw:commentRss>
			<slash:comments>0</slash:comments>
		
		
			</item>
		<item>
		<title>Green Bag (Grouped Product)</title>
		<link>/product/green-bag-grouped-product/</link>
					<comments>/product/green-bag-grouped-product/#respond</comments>
		
		<dc:creator><![CDATA[saurabhgupta]]></dc:creator>
		<pubDate>Sun, 21 Jan 2024 16:01:01 +0000</pubDate>
				<guid isPermaLink="false">/?post_type=product#038;p=529</guid>

					<description><![CDATA[em viverra aliquet eget sit. Mattis nunc sed blandit libero volutpat sed cras ornare. Ut consequat semper viverra nam. Ut enim blandit volutpat maecenas volutpat.]]></description>
										<content:encoded><![CDATA[<p>em viverra aliquet eget sit. Mattis nunc sed blandit libero volutpat sed cras ornare. Ut consequat semper viverra nam. Ut enim blandit volutpat maecenas volutpat.</p>
]]></content:encoded>
					
					<wfw:commentRss>/product/green-bag-grouped-product/feed/</wfw:commentRss>
			<slash:comments>0</slash:comments>
		
		
			</item>
		<item>
		<title>Black Bag (Variable Product)</title>
		<link>/product/black-bag-variable-product/</link>
					<comments>/product/black-bag-variable-product/#respond</comments>
		
		<dc:creator><![CDATA[saurabhgupta]]></dc:creator>
		<pubDate>Sun, 21 Jan 2024 09:25:25 +0000</pubDate>
				<guid isPermaLink="false">/?post_type=product#038;p=527</guid>

					<description><![CDATA[em viverra aliquet eget sit. Mattis nunc sed blandit libero volutpat sed cras ornare. Ut consequat semper viverra nam. Ut enim blandit volutpat maecenas volutpat.]]></description>
										<content:encoded><![CDATA[<p>em viverra aliquet eget sit. Mattis nunc sed blandit libero volutpat sed cras ornare. Ut consequat semper viverra nam. Ut enim blandit volutpat maecenas volutpat.</p>
]]></content:encoded>
					
					<wfw:commentRss>/product/black-bag-variable-product/feed/</wfw:commentRss>
			<slash:comments>0</slash:comments>
		
		
			</item>
		<item>
		<title>Grey Slick Bag (Simple Product)</title>
		<link>/product/grey-slick-bag/</link>
					<comments>/product/grey-slick-bag/#comments</comments>
		
		<dc:creator><![CDATA[saurabhgupta]]></dc:creator>
		<pubDate>Sun, 21 Jan 2024 09:02:16 +0000</pubDate>
				<guid isPermaLink="false">/?post_type=product#038;p=524</guid>

					<description><![CDATA[<strong>This is product TOP short description.</strong>

Sem viverra aliquet eget sit. Mattis nunc sed blandit libero volutpat sed cras ornare. Ut consequat semper viverra nam. Ut enim blandit volutpat maecenas volutpat. Nibh ipsum consequat nisl vel pretium. Tortor at risus viverra adipiscing at in tellus integer feugiat. Rhoncus aenean vel elit scelerisque mauris pellentesque pulvinar pellentesque habitant. Bibendum est ultricies integer quis auctor elit.

&#160;

[wpforms id="506" title="true" description="true"]]]></description>
										<content:encoded><![CDATA[<p><strong>This is product description, show below the product.</strong></p>
<p>Sem viverra aliquet eget sit. Mattis nunc sed blandit libero volutpat sed cras ornare. Ut consequat semper viverra nam. Ut enim blandit volutpat maecenas volutpat. Nibh ipsum consequat nisl vel pretium. Tortor at risus viverra adipiscing at in tellus integer feugiat. Rhoncus aenean vel elit scelerisque mauris pellentesque pulvinar pellentesque habitant. Bibendum est ultricies integer quis auctor elit.</p>
]]></content:encoded>
					
					<wfw:commentRss>/product/grey-slick-bag/feed/</wfw:commentRss>
			<slash:comments>1</slash:comments>
		
		
			</item>
		<item>
		<title>Bagpack</title>
		<link>/product/aturna-condimentum-mattis-pellentesque-nibh-tortor/</link>
					<comments>/product/aturna-condimentum-mattis-pellentesque-nibh-tortor/#comments</comments>
		
		<dc:creator><![CDATA[saurabhgupta]]></dc:creator>
		<pubDate>Fri, 13 Mar 2020 10:24:27 +0000</pubDate>
				<guid isPermaLink="false">https://demo.creativethemes.com/blocksy/modern-shop/?post_type=product&#038;p=66</guid>

					<description><![CDATA[Scelerisque viverra mauris in aliquam. Aliquet lectus proin nibh nisl condimentum id venenatis. Velit euismod in pellentesque massa placerat duis ultricies. Eros donec ac odio tempor orci dapibus ultrices.

Nullam non nisi est sit amet facilisis magna. Phasellus egestas tellus rutrum tellus pellentesque eu tincidunt tortor aliquam. Eu nisl nunc mi ipsum. Odio tempor orci dapibus ultrices in iaculis nunc sed augue.]]></description>
										<content:encoded><![CDATA[<p>Morbi tincidunt ornare massa eget egestas purus viverra. In vitae turpis massa sed elementum tempus egestas sed. Euismod in pellentesque massa placerat duis ultricies. Justo donec enim diam vulputate ut pharetra sit. At auctor urna nunc id cursus metus aliquam eleifend. Ipsum nunc aliquet bibendum enim. Et malesuada fames ac turpis egestas sed tempus.</p>
<p>Nisi scelerisque eu ultrices vitae auctor. Sodales ut etiam sit amet nisl purus in mollis. Turpis tincidunt id aliquet risus. Aliquet sagittis id consectetur purus.</p>
]]></content:encoded>
					
					<wfw:commentRss>/product/aturna-condimentum-mattis-pellentesque-nibh-tortor/feed/</wfw:commentRss>
			<slash:comments>1</slash:comments>
		
		
			</item>
	</channel>
</rss>
