<?xml version="1.0" encoding="UTF-8"?><rss version="2.0"
	xmlns:content="http://purl.org/rss/1.0/modules/content/"
	xmlns:dc="http://purl.org/dc/elements/1.1/"
	xmlns:atom="http://www.w3.org/2005/Atom"
	xmlns:sy="http://purl.org/rss/1.0/modules/syndication/"
	
	>
<channel>
	<title>
	Comments for 	</title>
	<atom:link href="/comments/feed/" rel="self" type="application/rss+xml" />
	<link></link>
	<description></description>
	<lastBuildDate>Mon, 22 Jan 2024 08:05:16 +0000</lastBuildDate>
	<sy:updatePeriod>
	hourly	</sy:updatePeriod>
	<sy:updateFrequency>
	1	</sy:updateFrequency>
	<generator>https://wordpress.org/?v=6.4.2</generator>
	<item>
		<title>
		Comment on Grey Slick Bag (Simple Product) by saurabhgupta		</title>
		<link>/product/grey-slick-bag/#comment-10</link>

		<dc:creator><![CDATA[saurabhgupta]]></dc:creator>
		<pubDate>Sun, 21 Jan 2024 09:19:09 +0000</pubDate>
		<guid isPermaLink="false">/?post_type=product#038;p=524#comment-10</guid>

					<description><![CDATA[OK]]></description>
			<content:encoded><![CDATA[<p>OK</p>
]]></content:encoded>
		
			</item>
		<item>
		<title>
		Comment on Bagpack by admin		</title>
		<link>/product/aturna-condimentum-mattis-pellentesque-nibh-tortor/#comment-4</link>

		<dc:creator><![CDATA[admin]]></dc:creator>
		<pubDate>Fri, 13 Mar 2020 10:25:08 +0000</pubDate>
		<guid isPermaLink="false">https://demo.creativethemes.com/blocksy/modern-shop/?post_type=product&#038;p=66#comment-4</guid>

					<description><![CDATA[At auctor urna nunc id cursus metus aliquam eleifend. Ipsum nunc aliquet bibendum enim. Et malesuada fames ac turpis egestas sed tempus.]]></description>
			<content:encoded><![CDATA[<p>At auctor urna nunc id cursus metus aliquam eleifend. Ipsum nunc aliquet bibendum enim. Et malesuada fames ac turpis egestas sed tempus.</p>
]]></content:encoded>
		
			</item>
		<item>
		<title>
		Comment on Hello world! by A WordPress Commenter		</title>
		<link>/hello-world/#comment-2</link>

		<dc:creator><![CDATA[A WordPress Commenter]]></dc:creator>
		<pubDate>Tue, 10 Mar 2020 21:16:55 +0000</pubDate>
		<guid isPermaLink="false">https://demo.creativethemes.com/blocksy/modern-shop/?p=1#comment-2</guid>

					<description><![CDATA[Hi, this is a comment.
To get started with moderating, editing, and deleting comments, please visit the Comments screen in the dashboard.
Commenter avatars come from &lt;a href=&quot;https://gravatar.com&quot;/ rel=&quot;nofollow ugc&quot;&gt;Gravatar&lt;/a&gt;.]]></description>
			<content:encoded><![CDATA[<p>Hi, this is a comment.<br />
To get started with moderating, editing, and deleting comments, please visit the Comments screen in the dashboard.<br />
Commenter avatars come from <a href="https://gravatar.com/" rel="nofollow ugc">Gravatar</a>.</p>
]]></content:encoded>
		
			</item>
	</channel>
</rss>
