<?xml version="1.0" encoding="UTF-8"?><rss version="2.0"
	xmlns:content="http://purl.org/rss/1.0/modules/content/"
	xmlns:dc="http://purl.org/dc/elements/1.1/"
	xmlns:atom="http://www.w3.org/2005/Atom"
	xmlns:sy="http://purl.org/rss/1.0/modules/syndication/"
	
	>
<channel>
	<title>
	Comments on: Grey Slick Bag (Simple Product)	</title>
	<atom:link href="/product/grey-slick-bag/feed/" rel="self" type="application/rss+xml" />
	<link>/product/grey-slick-bag/</link>
	<description></description>
	<lastBuildDate>Mon, 22 Jan 2024 08:05:16 +0000</lastBuildDate>
	<sy:updatePeriod>
	hourly	</sy:updatePeriod>
	<sy:updateFrequency>
	1	</sy:updateFrequency>
	<generator>https://wordpress.org/?v=6.4.2</generator>
	<item>
		<title>
		By: saurabhgupta		</title>
		<link>/product/grey-slick-bag/#comment-10</link>

		<dc:creator><![CDATA[saurabhgupta]]></dc:creator>
		<pubDate>Sun, 21 Jan 2024 09:19:09 +0000</pubDate>
		<guid isPermaLink="false">/?post_type=product#038;p=524#comment-10</guid>

					<description><![CDATA[OK]]></description>
			<content:encoded><![CDATA[<p>OK</p>
]]></content:encoded>
		
			</item>
	</channel>
</rss>
