<?xml version="1.0" encoding="UTF-8"?><rss version="2.0"
	xmlns:content="http://purl.org/rss/1.0/modules/content/"
	xmlns:wfw="http://wellformedweb.org/CommentAPI/"
	xmlns:dc="http://purl.org/dc/elements/1.1/"
	xmlns:atom="http://www.w3.org/2005/Atom"
	xmlns:sy="http://purl.org/rss/1.0/modules/syndication/"
	xmlns:slash="http://purl.org/rss/1.0/modules/slash/"
	>

<channel>
	<title>bags</title>
	<atom:link href="/product-tag/bags/feed/" rel="self" type="application/rss+xml" />
	<link></link>
	<description></description>
	<lastBuildDate>Mon, 22 Jan 2024 08:05:16 +0000</lastBuildDate>
	<language>en-US</language>
	<sy:updatePeriod>
	hourly	</sy:updatePeriod>
	<sy:updateFrequency>
	1	</sy:updateFrequency>
	<generator>https://wordpress.org/?v=6.4.2</generator>
	<item>
		<title>Green Bag (Grouped Product)</title>
		<link>/product/green-bag-grouped-product/</link>
					<comments>/product/green-bag-grouped-product/#respond</comments>
		
		<dc:creator><![CDATA[saurabhgupta]]></dc:creator>
		<pubDate>Sun, 21 Jan 2024 16:01:01 +0000</pubDate>
				<guid isPermaLink="false">/?post_type=product#038;p=529</guid>

					<description><![CDATA[em viverra aliquet eget sit. Mattis nunc sed blandit libero volutpat sed cras ornare. Ut consequat semper viverra nam. Ut enim blandit volutpat maecenas volutpat.]]></description>
										<content:encoded><![CDATA[<p>em viverra aliquet eget sit. Mattis nunc sed blandit libero volutpat sed cras ornare. Ut consequat semper viverra nam. Ut enim blandit volutpat maecenas volutpat.</p>
]]></content:encoded>
					
					<wfw:commentRss>/product/green-bag-grouped-product/feed/</wfw:commentRss>
			<slash:comments>0</slash:comments>
		
		
			</item>
		<item>
		<title>Black Bag (Variable Product)</title>
		<link>/product/black-bag-variable-product/</link>
					<comments>/product/black-bag-variable-product/#respond</comments>
		
		<dc:creator><![CDATA[saurabhgupta]]></dc:creator>
		<pubDate>Sun, 21 Jan 2024 09:25:25 +0000</pubDate>
				<guid isPermaLink="false">/?post_type=product#038;p=527</guid>

					<description><![CDATA[em viverra aliquet eget sit. Mattis nunc sed blandit libero volutpat sed cras ornare. Ut consequat semper viverra nam. Ut enim blandit volutpat maecenas volutpat.]]></description>
										<content:encoded><![CDATA[<p>em viverra aliquet eget sit. Mattis nunc sed blandit libero volutpat sed cras ornare. Ut consequat semper viverra nam. Ut enim blandit volutpat maecenas volutpat.</p>
]]></content:encoded>
					
					<wfw:commentRss>/product/black-bag-variable-product/feed/</wfw:commentRss>
			<slash:comments>0</slash:comments>
		
		
			</item>
		<item>
		<title>Grey Slick Bag (Simple Product)</title>
		<link>/product/grey-slick-bag/</link>
					<comments>/product/grey-slick-bag/#comments</comments>
		
		<dc:creator><![CDATA[saurabhgupta]]></dc:creator>
		<pubDate>Sun, 21 Jan 2024 09:02:16 +0000</pubDate>
				<guid isPermaLink="false">/?post_type=product#038;p=524</guid>

					<description><![CDATA[<strong>This is product TOP short description.</strong>

Sem viverra aliquet eget sit. Mattis nunc sed blandit libero volutpat sed cras ornare. Ut consequat semper viverra nam. Ut enim blandit volutpat maecenas volutpat. Nibh ipsum consequat nisl vel pretium. Tortor at risus viverra adipiscing at in tellus integer feugiat. Rhoncus aenean vel elit scelerisque mauris pellentesque pulvinar pellentesque habitant. Bibendum est ultricies integer quis auctor elit.

&#160;

[wpforms id="506" title="true" description="true"]]]></description>
										<content:encoded><![CDATA[<p><strong>This is product description, show below the product.</strong></p>
<p>Sem viverra aliquet eget sit. Mattis nunc sed blandit libero volutpat sed cras ornare. Ut consequat semper viverra nam. Ut enim blandit volutpat maecenas volutpat. Nibh ipsum consequat nisl vel pretium. Tortor at risus viverra adipiscing at in tellus integer feugiat. Rhoncus aenean vel elit scelerisque mauris pellentesque pulvinar pellentesque habitant. Bibendum est ultricies integer quis auctor elit.</p>
]]></content:encoded>
					
					<wfw:commentRss>/product/grey-slick-bag/feed/</wfw:commentRss>
			<slash:comments>1</slash:comments>
		
		
			</item>
	</channel>
</rss>
